station_name,location
Riverview Park,"(40.7443187, -74.0439909)"
Sip Ave,"(40.73089709786179, -74.06391263008118)"
Grove St PATH,"(40.71958611647166, -74.04311746358871)"
Columbus Dr at Exchange Pl,"(40.71687, -74.03281)"
4 St & Grand St,"(40.7422579775645, -74.03511106967926)"
Newport PATH,"(40.7272235, -74.0337589)"
14 St Ferry - 14 St & Shipyard Ln,"(40.752960630464955, -74.02435272932053)"
Hoboken Terminal - River St & Hudson Pl,"(40.7360676564825, -74.02912706136703)"
Dixon Mills,"(40.721630142638354, -74.04996782541275)"
City Hall - Washington St & 1 St,"(40.73736, -74.03097)"
5 Corners Library,"(40.734961020009514, -74.0595030784607)"
6 St & Grand St,"(40.7443978330956, -74.03450086712837)"
Willow Ave & 12 St,"(40.7518674823282, -74.03037697076797)"
Newark Ave,"(40.72152515, -74.046304543)"
7 St & Monroe St,"(40.74641264837719, -74.03797701001167)"
Grand St & 14 St,"(40.75409, -74.0316)"
City Hall,"(40.7177325, -74.043845)"
Hoboken Terminal - Hudson St & Hudson Pl,"(40.73593758446329, -74.03030455112457)"
Liberty Light Rail,"(40.7112423, -74.0557013)"
Hudson St & 4 St,"(40.74097260864355, -74.02860336005688)"
Bloomfield St & 15 St,"(40.75453, -74.02658)"
Columbus Drive,"(40.71835519823214, -74.03891444206238)"
Warren St,"(40.7211236, -74.03805095)"
Journal Square,"(40.73367, -74.0625)"
Adams St & 11 St,"(40.750915534784994, -74.03354063630104)"
Adams St & 2 St,"(40.73981372311843, -74.03690412640572)"
Paulus Hook,"(40.7141454, -74.0335519)"
11 St & Washington St,"(40.74998490907138, -74.02715027332306)"
8 St & Washington St,"(40.745983882915624, -74.02819901704788)"
Hamilton Park,"(40.727595966, -74.044247311)"
Brunswick St,"(40.7241765, -74.0506564)"
12 St & Sinatra Dr N,"(40.75060414236896, -74.02402013540268)"
Baldwin at Montgomery,"(40.7236589, -74.0641943)"
Grand St,"(40.71517767732029, -74.03768330812454)"
Madison St & 10 St,"(40.74994325412246, -74.03586477041245)"
Clinton St & Newark St,"(40.73743, -74.03571)"
Manila & 1st,"(40.721650724879986, -74.04288411140442)"
Columbus Park - Clinton St & 9 St,"(40.74816121065146, -74.0324530005455)"
Morris Canal,"(40.7124188237569, -74.03852552175522)"
Harborside,"(40.7192517, -74.034234)"
Brunswick & 6th,"(40.72601172964625, -74.05038893222809)"
Marin Light Rail,"(40.71458403535893, -74.04281705617905)"
Essex Light Rail,"(40.7127742, -74.0364857)"
Hoboken Ave at Monmouth St,"(40.73520838045357, -74.04696375131607)"
JC Medical Center,"(40.71653978099194, -74.0496379137039)"
Newport Pkwy,"(40.7287448, -74.0321082)"
Dey St,"(40.737711, -74.066921)"
Jersey & 6th St,"(40.72528910781132, -74.04557168483734)"
Hilltop,"(40.7311689, -74.0575736)"
Church Sq Park - 5 St & Park Ave,"(40.74265933273143, -74.03223305940628)"
Pershing Field,"(40.742677141, -74.051788633)"
Glenwood Ave,"(40.72755146730012, -74.07106071710587)"
McGinley Square,"(40.7253399253558, -74.06762212514877)"
South Waterfront Walkway - Sinatra Dr & 1 St,"(40.73698221818716, -74.02778059244156)"
Van Vorst Park,"(40.71848892, -74.047726625)"
Jersey & 3rd,"(40.72333158646436, -74.04595255851744)"
Washington St,"(40.7242941, -74.0354826)"
Lincoln Park,"(40.7246050998869, -74.07840594649315)"
Oakland Ave,"(40.7376037, -74.0524783)"
Lafayette Park,"(40.71346382669195, -74.06285852193832)"
Astor Place,"(40.71928220070702, -74.07126188278198)"
Christ Hospital,"(40.734785818, -74.050443636)"
Communipaw & Berry Lane,"(40.71435836870427, -74.06661093235016)"
Marshall St & 2 St,"(40.740802, -74.042521)"
Leonard Gordon Park,"(40.74590996631558, -74.0572714805603)"
Montgomery St,"(40.71942, -74.05099)"
Bergen Ave & Stegman St,"(40.70657545063453, -74.0867006778717)"
Bergen Ave,"(40.722103786686034, -74.07145500183105)"
9 St HBLR - Jackson St & 8 St,"(40.74790720968899, -74.03841152787209)"
Monmouth and 6th,"(40.72568548362901, -74.04879033565521)"
Grant Ave & MLK Dr,"(40.70919832245443, -74.08084273338318)"
Madison St & 1 St,"(40.73879, -74.0393)"
Mama Johnson Field - 4 St & Jackson St,"(40.74313993965626, -74.04004096984863)"
Clinton St & 7 St,"(40.74542, -74.03332)"
Union St,"(40.7182113, -74.0836394)"
Jackson Square,"(40.71113, -74.0789)"
Southwest Park - Jackson St & Observer Hwy,"(40.73755127245804, -74.04166370630264)"
Heights Elevator,"(40.748715945380226, -74.04044330120087)"
Fairmount Ave,"(40.72572613742557, -74.07195925712585)"
Stevens - River Ter & 6 St,"(40.74313282710551, -74.02698867022991)"
JCBS Depot,"(40.70965083364061, -74.06860113143921)"
Bergen Ave & Sip Ave,"(40.73100888698729, -74.06443700194359)"
York St & Marin Blvd,"(40.716615000830494, -74.0424120426178)"
MTL-ECO5-LAB,"(40.74716563443737, -74.08896387030836)"
,"(40.74, -74.03)"
Mercer St & Spring St,"(40.71528505, -74.03782831666666)"
2 St & Park Ave,"(40.73915272763701, -74.0330819785595)"
Exchange Pl,"(40.716281772, -74.03443563)"
Maiden Ln & Pearl St,"(40.735353589, -74.046973348)"
W 30 St & 10 Ave,"(40.735353589, -74.046973348)"
Washington Square E,"(40.735353589, -74.046973348)"
E 11 St & 3 Ave,"(40.735353589, -74.046973348)"
E 11 St & 1 Ave,"(40.735353589, -74.046973348)"
Greenwich Ave & 8 Ave,"(40.735353589, -74.046973348)"
Cooper Square & Astor Pl,"(40.735353589, -74.046973348)"
7 Ave & Central Park South,"(40.735353589, -74.046973348)"
5 Ave & E 87 St,"(40.735353589, -74.046973348)"
E 68 St & Madison Ave,"(40.735353589, -74.046973348)"
W 41 St & 8 Ave,"(40.735353589, -74.046973348)"
St Marks Pl & 4 Ave,"(40.735353589, -74.046973348)"
Commerce St & Van Brunt St,"(40.735353589, -74.046973348)"
Nevins St & Schermerhorn St,"(40.735353589, -74.046973348)"
Kosciuszko St & Tompkins Ave,"(40.735353589, -74.046973348)"
Bond St & Bergen St,"(40.735353589, -74.046973348)"
Carroll St & 5 Ave,"(40.735353589, -74.046973348)"
Bergen St & Flatbush Ave,"(40.735353589, -74.046973348)"
Pacific St & Smith St,"(40.735353589, -74.046973348)"
Hanson Pl & Ashland Pl,"(40.735353589, -74.046973348)"
E 2 St & 2 Ave,"(40.735353589, -74.046973348)"
George St & Wilson Ave,"(40.735353589, -74.046973348)"
Stockholm St & Wilson Ave,"(40.735353589, -74.046973348)"
Central Ave & Covert St,"(40.735353589, -74.046973348)"
Wilson Ave & Moffat St,"(40.735353589, -74.046973348)"
Bushwick Ave & Furman Ave,"(40.735353589, -74.046973348)"
Halsey St & Broadway,"(40.735353589, -74.046973348)"
Halsey St & Evergreen Ave,"(40.735353589, -74.046973348)"
Greene Av & Myrtle Av,"(40.735353589, -74.046973348)"
Myrtle Ave & Grove St,"(40.735353589, -74.046973348)"
Union Ave & N 12 St,"(40.735353589, -74.046973348)"
Greenpoint Ave & West St,"(40.735353589, -74.046973348)"
Kingsland Ave & Nassau Ave,"(40.735353589, -74.046973348)"
Wythe Ave & Metropolitan Ave,"(40.735353589, -74.046973348)"
S 2 St & Kent Ave,"(40.735353589, -74.046973348)"
Washington Pl & Broadway,"(40.735353589, -74.046973348)"
Leonard St & Church St,"(40.735353589, -74.046973348)"
Canal St & Rutgers St,"(40.735353589, -74.046973348)"
Main St & Plymouth St,"(40.735353589, -74.046973348)"
Delancey St & Eldridge St,"(40.735353589, -74.046973348)"
White St & Moore St,"(40.735353589, -74.046973348)"
Emerson Pl & Myrtle Ave,"(40.735353589, -74.046973348)"
Halsey St & Tompkins Ave,"(40.735353589, -74.046973348)"
Grand St & Havemeyer St,"(40.735353589, -74.046973348)"
Henry St & Degraw St,"(40.735353589, -74.046973348)"
Henry St & Atlantic Ave,"(40.735353589, -74.046973348)"
Willoughby Ave & Tompkins Ave,"(40.735353589, -74.046973348)"
Monroe St & Bedford Ave,"(40.735353589, -74.046973348)"
E 27 St & 1 Ave,"(40.735353589, -74.046973348)"
1 Ave & E 68 St,"(40.735353589, -74.046973348)"
E 51 St & Lexington Ave,"(40.735353589, -74.046973348)"
W 54 St & 6 Ave,"(40.735353589, -74.046973348)"
W 24 St & 7 Ave,"(40.735353589, -74.046973348)"
Madison Ave & E 26 St,"(40.735353589, -74.046973348)"
E 20 St & FDR Dr,"(40.735353589, -74.046973348)"
E 7 St & Avenue A,"(40.735353589, -74.046973348)"
W 13 St & 7 Ave,"(40.735353589, -74.046973348)"
University Pl & E 14 St,"(40.735353589, -74.046973348)"
Washington Pl & 6 Ave,"(40.735353589, -74.046973348)"
Water St &  Fletcher St,"(40.735353589, -74.046973348)"
6 Ave & Walker St,"(40.735353589, -74.046973348)"
John St & William St,"(40.735353589, -74.046973348)"
Greenwich St & W Houston St,"(40.735353589, -74.046973348)"
W 22 St & 10 Ave,"(40.735353589, -74.046973348)"
9 Ave & W 45 St,"(40.735353589, -74.046973348)"
W 51 St & 6 Ave,"(40.735353589, -74.046973348)"
9 Ave & W 39 St,"(40.735353589, -74.046973348)"
W 45 St & 8 Ave,"(40.735353589, -74.046973348)"
W 44 St & 11 Ave,"(40.735353589, -74.046973348)"
8 Ave & W 49 St,"(40.735353589, -74.046973348)"
E 6 St & Avenue B,"(40.735353589, -74.046973348)"
Cleveland Pl & Spring St,"(40.735353589, -74.046973348)"
W 15 St & 6 Ave,"(40.735353589, -74.046973348)"
8 Ave & W 16 St,"(40.735353589, -74.046973348)"
48 Ave & 5 St,"(40.735353589, -74.046973348)"
31 St & Northern Blvd,"(40.735353589, -74.046973348)"
N 7 St & Driggs Ave,"(40.735353589, -74.046973348)"
Pearl St & Hanover Square,"(40.735353589, -74.046973348)"
Clinton St & Grand St,"(40.735353589, -74.046973348)"
Driggs Ave & N 9 St,"(40.735353589, -74.046973348)"
E 12 St & 3 Ave,"(40.735353589, -74.046973348)"
W 21 St & 6 Ave,"(40.735353589, -74.046973348)"
10 Ave & W 28 St,"(40.735353589, -74.046973348)"
W 34 St & Hudson Blvd E,"(40.735353589, -74.046973348)"
Grand Army Plaza & Central Park S,"(40.735353589, -74.046973348)"
W 170 St & University Ave,"(40.8639433, -73.9411734)"
11 Ave & W 59 St,"(40.77218081666667, -74.00700725)"
Bleecker St & Crosby St,"(40.76520691666666, -74.02862141666667)"
Broadway & W 56 St,"(40.73623848, -74.030078173)"
Broadway & W 38 St,"(40.763495633333335, -74.01484118333333)"
Broadway & W 53 St,"(40.75007196666667, -74.01744501666667)"
Henry St & Grand St,"(40.75035571666667, -74.06811701666666)"
Norfolk St & Broome St,"(40.750450566666665, -74.06776671666667)"
W 49 St & 8 Ave,"(40.78096506666667, -74.01874861666667)"
W Broadway & Spring St,"(40.73771905, -74.06712138333333)"
E 2 St & Avenue A,"(40.73771905, -74.06712138333333)"
Avenue D & E 10 St,"(40.73771905, -74.06712138333333)"
E 25 St & 2 Ave,"(40.73771905, -74.06712138333333)"
Sullivan St & Washington Sq,"(40.73771905, -74.06712138333333)"
Vesey St & Church St,"(40.73771905, -74.06712138333333)"
5 Ave & E 72 St,"(40.73771905, -74.06712138333333)"
1 Ave & E 62 St,"(40.73771905, -74.06712138333333)"
Queens Plaza North & Crescent St,"(40.73771905, -74.06712138333333)"
35 St & 34 Ave,"(40.73771905, -74.06712138333333)"
8 Ave & W 52 St,"(40.8028376, -73.99727856666667)"
Division Ave & Hooper St,"(40.719274633333335, -74.04311011666667)"
Putnam Ave & Knickerbocker Ave,"(40.719274633333335, -74.04311011666667)"
E 4 St & 2 Ave,"(40.719274633333335, -74.04311011666667)"
Perry St & Greenwich Ave,"(40.719274633333335, -74.04311011666667)"
Vesey Pl & River Terrace,"(40.719274633333335, -74.04311011666667)"
Greene St & Prince St,"(40.719274633333335, -74.04311011666667)"
S 4 St & Roebling St,"(40.719274633333335, -74.04311011666667)"
Market St & Cherry St,"(40.719274633333335, -74.04311011666667)"
Division St & Bowery,"(40.719274633333335, -74.04311011666667)"
Catherine St & Monroe St,"(40.719274633333335, -74.04311011666667)"
Broadway & W 41 St,"(40.719274633333335, -74.04311011666667)"
W 171 St & St. Nicholas Ave,"(40.758944983333336, -74.0153526)"
Broadway & W 168 St,"(40.758944983333336, -74.0153526)"
Broadway & W 58 St,"(40.758944983333336, -74.0153526)"
E 9 St & Avenue C,"(40.758944983333336, -74.0153526)"
W 89 St & Columbus Ave,"(40.73771905, -74.06712138333333)"
Madison Ave & E 99 St,"(40.73771905, -74.06712138333333)"
2 Ave & E 72 St,"(40.73771905, -74.06712138333333)"
E 43 St & Madison Ave,"(40.73771905, -74.06712138333333)"
E 84 St & 1 Ave,"(40.73771905, -74.06712138333333)"
E 88 St & 1 Ave,"(40.73771905, -74.06712138333333)"
E 82 St & East End Ave,"(40.73771905, -74.06712138333333)"
E 85 St & 3 Ave,"(40.73771905, -74.06712138333333)"
E 97 St & 3 Ave,"(40.73771905, -74.06712138333333)"
Murray St & West St,"(40.71433115, -74.03313255)"
Greenwich St & Perry St,"(40.71433115, -74.03313255)"
Cliff St & Fulton St,"(40.71433115, -74.03313255)"
E 13 St & 2 Ave,"(40.71433115, -74.03313255)"
St Marks Pl & 1 Ave,"(40.71433115, -74.03313255)"
Avenue D & E 3 St,"(40.71433115, -74.03313255)"
6 Ave & Canal St,"(40.71433115, -74.03313255)"
Tompkins Ave & Hopkins St,"(40.71433115, -74.03313255)"
Lewis Ave & Kosciuszko St,"(40.71433115, -74.03313255)"
Madison Av & E 51 St,"(40.71433115, -74.03313255)"
8 Ave & W 33 St,"(40.76159938333333, -74.03773895)"
W 63 St & Broadway,"(40.761369316666666, -74.0362417)"
W 64 St & Thelonious Monk Circle,"(40.76129006666667, -74.0161544)"
Walker St & Baxter St,"(40.7310711, -74.06444608333334)"
Warren St & W Broadway,"(40.7310711, -74.06444608333334)"
W 34 St & 11 Ave,"(40.7310711, -74.06444608333334)"
Greenwich St & Hubert St,"(40.7310711, -74.06444608333334)"
Christopher St & Greenwich St,"(40.7310711, -74.06444608333334)"
E 72 St & York Ave,"(40.738623833333335, -74.02162763333334)"
6 Ave & W 34 St,"(40.71599065, -74.06153856666667)"
W 20 St & 8 Ave,"(40.726639867, -74.029737234)"
W 51 St & Rockefeller Plaza,"(40.73700185, -74.03042316666667)"
West St & Liberty St,"(40.73767578333333, -74.05254506666667)"
E 16 St & 5 Ave,"(40.73767578333333, -74.05254506666667)"
Spring St & Hudson St,"(40.730664966666666, -74.04631458333333)"
West Thames St,"(40.730664966666666, -74.04631458333333)"
Watts St & Greenwich St,"(40.730664966666666, -74.04631458333333)"
W 52 St & 11 Ave,"(40.752960630464955, -74.02435272932053)"
N 5 St & Wythe Ave,"(40.735759433333335, -74.05280078333334)"
Broadway & Kent Ave,"(40.735759433333335, -74.05280078333334)"
Broadway & Madison St,"(40.735759433333335, -74.05280078333334)"
Greene Ave & Throop Ave,"(40.735759433333335, -74.05280078333334)"
50 St & Northern Blvd,"(40.76257705, -74.05248243333334)"
77 St & 31 Ave,"(40.76624163333334, -74.0556218)"
7 Ave & W 55 St,"(40.7652956, -74.01260011666666)"
W 67 St & Broadway,"(40.7652956, -74.01260011666666)"
W 84 St & Columbus Ave,"(40.7652956, -74.01260011666666)"
W 92 St & Broadway,"(40.7652956, -74.01260011666666)"
River St & 1 St,"(40.737364531, -74.028816581)"
Broadway & E 21 St,"(40.72590246666667, -74.03865113333333)"
9 Ave & W 22 St,"(40.69967915, -74.0334966)"
8 Ave & W 31 St,"(40.77564173333333, -74.06030326666666)"
Stagg St & Union Ave,"(40.77737846666667, -74.06476461666666)"
Graham Ave & Grand St,"(40.77737846666667, -74.06476461666666)"
E 47 St & 1 Ave,"(40.7632512, -74.05501823333333)"
W 55 St & 6 Ave,"(40.7322901, -74.03300593333333)"
Centre St & Chambers St,"(40.695319057, -74.033257246)"
W 18 St & 6 Ave,"(40.781792716666665, -74.0140628)"
E 39 St & Lexington Ave,"(40.75846625, -74.049036)"
W 70 St & Amsterdam Ave,"(40.78903018333333, -73.99793313333333)"
West End Ave & W 60 St,"(40.78903018333333, -73.99793313333333)"
Washington St & Barrow St,"(40.78903018333333, -73.99793313333333)"
Sands St Gate,"(40.78903018333333, -73.99793313333333)"
E 91 St & 2 Ave,"(40.78903018333333, -73.99793313333333)"
Central Park S & 6 Ave,"(40.78903018333333, -73.99793313333333)"
Jerome Ave & E Mosholu Parkway S,"(40.7350155, -74.02758883333334)"
E 89 St & York Ave,"(40.7350155, -74.02758883333334)"
E 74 St & 1 Ave,"(40.7350155, -74.02758883333334)"
E 48 St & 3 Ave,"(40.7350155, -74.02758883333334)"
Broadway & W 29 St,"(40.7350155, -74.02758883333334)"
1 Ave & E 30 St,"(40.7350155, -74.02758883333334)"
Lexington Ave & E 29 St,"(40.70548705, -74.04849713333333)"
Adams St & 12 St,"(40.751784682, -74.033289194)"
Morningside Ave & W 123 St,"(40.8066187, -74.00907335)"
4 St & River St,"(40.740831733, -74.027396441)"
S 3 St & Bedford Ave,"(40.725912083333334, -74.03550766666666)"
E 68 St & 3 Ave,"(40.725912083333334, -74.03550766666666)"
E 47 St & Park Ave,"(40.725912083333334, -74.03550766666666)"
8 Ave & W 24 St,"(40.725912083333334, -74.03550766666666)"
E 22 St & 2 Ave,"(40.725912083333334, -74.03550766666666)"
Greenwich St & Rector St,"(40.704525709, -74.026640654)"
William St & Pine St,"(40.73626731666667, -74.02900373333334)"
E 48 St & 5 Ave,"(40.773169933333335, -74.03184376666667)"
Broadway & Morris St,"(40.73626731666667, -74.02900373333334)"
Centre St & Worth St,"(40.73626731666667, -74.02900373333334)"
Brooklyn Bridge Park - Pier 2,"(40.73626731666667, -74.02900373333334)"
Fulton St & Adams St,"(40.73626731666667, -74.02900373333334)"
Pioneer St & Richards St,"(40.73626731666667, -74.02900373333334)"
6 Ave & W 33 St,"(40.73626731666667, -74.02900373333334)"
Bergen St & Kingston Ave,"(40.73626731666667, -74.02900373333334)"
Lefferts Ave & Schenectady Ave,"(40.73626731666667, -74.02900373333334)"
Atlantic Ave & Furman St,"(40.69187865, -74.05319178333333)"
Amsterdam Ave & W 73 St,"(40.74491796666667, -74.02528685)"
E 41 St & Madison Ave (SE corner),"(40.791188033333334, -73.99886101666667)"
81 St & 35 Ave,"(40.736136783333336, -74.02936768333333)"
3 Ave & E 71 St,"(40.736136783333336, -74.02936768333333)"
Central Park W & W 91 St,"(40.736136783333336, -74.02936768333333)"
E 95 St & 3 Ave,"(40.736136783333336, -74.02936768333333)"
Adam Clayton Powell Blvd & W 123 St,"(40.736136783333336, -74.02936768333333)"
St Ann's Ave & Bruckner Blvd,"(40.736136783333336, -74.02936768333333)"
E 167 St & Bryant Ave,"(40.736136783333336, -74.02936768333333)"
Fulton Ave & E 168 St,"(40.736136783333336, -74.02936768333333)"
Freeman St & Southern Blvd,"(40.736136783333336, -74.02936768333333)"
Prospect Ave & E 167 St,"(40.736136783333336, -74.02936768333333)"
Broadway & W 36 St,"(40.75607193333333, -74.02587686666666)"
11 Ave & W 27 St,"(40.735011766666666, -74.01998035)"
Amsterdam Ave & W 82 St,"(40.779177266666665, -74.00336778333333)"
North Moore St & Greenwich St,"(40.73144713333333, -74.02434595)"
6 Ave & Broome St,"(40.73144713333333, -74.02434595)"
Greene Ave & Nostrand Ave,"(40.75269876666667, -74.023692)"
53 St & Roosevelt Ave,"(40.7310357, -74.06464921666667)"
39 Dr & 52 St,"(40.7310357, -74.06464921666667)"
46 St & Queens Blvd,"(40.7310357, -74.06464921666667)"
23 St & 31 Ave,"(40.7310357, -74.06464921666667)"
31 Ave & Crescent St,"(40.7310357, -74.06464921666667)"
Crescent St & Broadway,"(40.7310357, -74.06464921666667)"
Crescent St & 35 Ave,"(40.7310357, -74.06464921666667)"
W 82 St & Central Park West,"(40.71460973333333, -74.06747018333333)"
W 13 St & 5 Ave,"(40.7571466, -74.03120851666667)"
New York Ave & St Marks Ave,"(40.72612856666667, -74.03436933333333)"
Buffalo Ave & E New York Ave,"(40.72612856666667, -74.03436933333333)"
Prospect Pl & Nostrand Ave,"(40.72612856666667, -74.03436933333333)"
Clinton Ave & Myrtle Ave,"(40.72612856666667, -74.03436933333333)"
E 16 St & Irving Pl,"(40.72612856666667, -74.03436933333333)"
E 33 St & 1 Ave,"(40.72612856666667, -74.03436933333333)"
E 15 St & 3 Ave,"(40.72612856666667, -74.03436933333333)"
2 Ave & E 29 St,"(40.72612856666667, -74.03436933333333)"
4 Ave & E 12 St,"(40.72612856666667, -74.03436933333333)"
Greenwich Ave & Charles St,"(40.72612856666667, -74.03436933333333)"
Washington St & Gansevoort St,"(40.72612856666667, -74.03436933333333)"
Ave A & E 11 St,"(40.72612856666667, -74.03436933333333)"
Suffolk St & Stanton St,"(40.72612856666667, -74.03436933333333)"
Broadway & Berry St,"(40.72612856666667, -74.03436933333333)"
W 20 St & 5 Ave,"(40.72612856666667, -74.03436933333333)"
E 27 St & Park Ave S,"(40.72612856666667, -74.03436933333333)"
Perry St & Bleecker St,"(40.72612856666667, -74.03436933333333)"
Grand Army Plaza & Plaza St West,"(40.72612856666667, -74.03436933333333)"
7 St & 5 Ave,"(40.72612856666667, -74.03436933333333)"
E 18 St & Church Ave,"(40.72612856666667, -74.03436933333333)"
3 Ave & Carroll St,"(40.72612856666667, -74.03436933333333)"
Reade St & Broadway,"(40.72612856666667, -74.03436933333333)"
W 37 St & 5 Ave,"(40.77986811666667, -74.00098978333334)"
Lispenard St & Broadway,"(40.77986811666667, -74.00098978333334)"
Columbus Ave & W 103 St,"(40.707376266666664, -74.05935028333333)"
E 53 St & Madison Ave,"(40.707376266666664, -74.05935028333333)"
W 30 St & 8 Ave,"(40.735283966666664, -74.02741491666667)"
Beverley Rd & Nostrand Ave,"(40.735283966666664, -74.02741491666667)"
E 40 St & Park Ave,"(40.7154368, -74.04967986666666)"
Southpoint Park,"(40.748325216666665, -74.03221188333333)"
Motorgate,"(40.748325216666665, -74.03221188333333)"
Roosevelt Island Tramway,"(40.748325216666665, -74.03221188333333)"
Liberty St & Broadway,"(40.717756433333335, -74.02370361666667)"
Classon Ave & St Marks Ave,"(40.7610996, -74.01468361666667)"
11 Ave & W 41 St,"(40.74149153333333, -74.0283945)"
E 58 St & 3 Ave,"(40.748638283333335, -74.02274113333333)"
W 47 St & 9 Ave,"(40.75991353333333, -74.0352891)"
W 54 St & 11 Ave,"(40.714001716666665, -74.0932553)"
Central Park West & W 72 St,"(40.714001716666665, -74.0932553)"
W 110 St & Amsterdam Ave,"(40.714001716666665, -74.0932553)"
River Ter & Warren St,"(40.71561705, -74.02751146666667)"
W 76 St & Columbus Ave,"(40.77287685, -74.00625278333334)"
W 56 St & 10 Ave,"(40.719100233333336, -74.03378105)"
W 36 St & 9 Ave,"(40.719100233333336, -74.03378105)"
Devoe St & Morgan Ave,"(40.689048171, -74.085600019)"
Hope St & Union Ave,"(40.689048171, -74.085600019)"
Broadway & E 19 St,"(40.71487893333333, -74.0350602)"
W 44 St & 5 Ave,"(40.73679128333333, -74.02872661666666)"
W 47 St & 6 Ave,"(40.78173616666667, -74.0290998)"
E 33 St & 5 Ave,"(40.75623065, -74.05238538333333)"
W 27 St & 7 Ave,"(40.746647, -73.993915)"
12 Ave & W 40 St,"(40.76087502, -74.00277668)"
Cabrini Blvd & W 177 St,"(40.848282, -73.941343)"
W 42 St & 6 Ave,"(40.75492, -73.98455)"
Broadway & W 220 St,"(40.872412, -73.912807)"
Bayard St & Baxter St,"(40.71602118, -73.99974372)"
Murray St & Greenwich St,"(40.71485150526251, -74.01122331619263)"
Water St & Gouverneur Ln,"(40.70469667894968, -74.00803416967392)"
Liberty St & Nassau St,"(40.70858894240581, -74.00935482235809)"
Great Jones St,"(40.72743423, -73.99379025)"
E 5 St & Cooper Sq,"(40.72769, -73.990993)"
Riverside Dr & W 104 St,"(40.8013434, -73.9711457439)"
Cedar Ave & W Fordham Rd,"(40.86156, -73.91219)"
Old Slip & South St,"(40.70336686695866, -74.007867872715)"
Bank St & Washington St,"(40.7361967, -74.00859207)"
West St & Chambers St,"(40.71754834, -74.01322069)"
Park Pl & Church St,"(40.71334184275907, -74.00935515761375)"
Broadway & W 155 St,"(40.83299, -73.94592)"
Broadway & Battery Pl,"(40.70463334, -74.01361706)"
W 37 St & Broadway,"(40.75227093837409, -73.98770570755005)"
S 4 St & Rodney St,"(40.70934, -73.95608)"
Hudson St & Reade St,"(40.71625008, -74.0091059)"
Broadway\t& W 48 St,"(40.76017739537783, -73.98486793041229)"
5 Ave & E 29 St,"(40.7451677, -73.98683077)"
Little West St & 1 Pl,"(40.70569254, -74.01677685)"
E 5 St & Avenue C,"(40.72299208, -73.97995466)"
W Broadway & W Houston St,"(40.726378, -74.000472)"
W 181 St & Riverside Dr,"(40.85168, -73.94186)"
W 20 St & 7 Ave,"(40.74238787, -73.99726235)"
Lafayette St & Jersey St,"(40.72456089, -73.99565293)"
Fulton St & William St,"(40.70960089363537, -74.00655090808868)"
E 30 St & Park Ave S,"(40.74444921, -73.98303529)"
10 Ave & W 14 St,"(40.741981599940225, -74.00831580162048)"
Myrtle Ave & St Edwards St,"(40.69327018, -73.97703874)"
Washington St & Laight St,"(40.72231, -74.0106)"
Hudson St & N Moore St,"(40.71988799798129, -74.0086269378662)"
Pier 40 - Hudson River Park,"(40.7277140777778, -74.01129573583603)"
Pier 40 Dock Station,"(40.72865963236461, -74.0119797096122)"
Lafayette St & E 8 St,"(40.73020660529954, -73.99102628231049)"
Carmine St & 6 Ave,"(40.73038599, -74.00214988)"
8 Ave & W 38 St,"(40.75461, -73.99177)"
E 9 St & 5 Ave,"(40.73275887045087, -73.99581670761108)"
LaGuardia Pl & W 3 St,"(40.72917025, -73.99810231)"
W 16 St & The High Line,"(40.74334935, -74.00681753)"
W 42 St & 8 Ave,"(40.7575699, -73.99098507)"
E 50 St & Park Ave,"(40.757334, -73.974235)"
South St & Broad St,"(40.70188858913366, -74.01089876890182)"
Soissons Landing,"(40.69231660719192, -74.01486575603485)"
Spruce St & Nassau St,"(40.71146364, -74.00552427)"
Stagg St & Morgan Ave,"(40.710681, -73.93372)"
Central Park West & W 68 St,"(40.7734066, -73.97782542)"
Bank St & Hudson St,"(40.73652889, -74.00618026)"
9 Ave & W 18 St,"(40.74317449, -74.00366443)"
Pearl St & Peck Slip,"(40.708485, -74.002751)"
W 34 St &\tHudson Blvd E,"(40.75516719072139, -74.00059908628464)"
Fulton St & Broadway,"(40.711066, -74.009447)"
W 168th S & Fort Washington Ave,"(40.84210236102173, -73.9422395825386)"
E 47 St & 2 Ave,"(40.75323098, -73.97032517)"
Marcy Ave & Lafayette Ave,"(40.6900815, -73.947915)"
South St & Whitehall St,"(40.70122128, -74.01234218)"
Mott St & Prince St,"(40.72317958, -73.99480012)"
Amsterdam Ave & W 79 St,"(40.7829391, -73.9786517)"
South St & Gouverneur Ln,"(40.70355377, -74.00670227)"
Forest Ave & Summerfield St,"(40.69922, -73.89795)"
MacDougal St & Washington Sq,"(40.73226398, -73.99852205)"
Bus Slip & State St,"(40.701907, -74.013942)"
Barrow St & Hudson St,"(40.73172428, -74.00674436)"
Lexington Ave & E 24 St,"(40.74025878, -73.98409214)"
W 106 St & Central Park West,"(40.7981856, -73.9605909006)"
W 56 St & 8 Ave,"(40.765959181657976, -73.98313522338867)"
E 59 St & Madison Ave,"(40.76350532, -73.97109243)"
Fort Washington Ave & W 173 St,"(40.84522, -73.940493)"
E 31 St & 3 Ave,"(40.743943, -73.979661)"
Broadway & W 61 St,"(40.77003010255044, -73.9819684624672)"
W 48 St &  Rockefeller Plaza,"(40.75776935448309, -73.97929430007935)"
W 4 St & 7 Ave S,"(40.73401143, -74.00293877)"
Rivington St & Chrystie St,"(40.72110063, -73.9919254)"
King St & Varick St,"(40.72789701409023, -74.00536268949507)"
St Marks Pl & 2 Ave,"(40.7284186, -73.98713956)"
W 50 St & 10 Ave,"(40.764734200065185, -73.99194359779358)"
W 116 St & Broadway,"(40.8082, -73.9641)"
W 40 St & 7 Ave,"(40.754818, -73.988154)"
W 15 St & 10 Ave,"(40.742753828659026, -74.00747358798981)"
University Pl & E 8 St,"(40.73143724085228, -73.99490341544151)"
Plaza Dr & W 170 St,"(40.840484, -73.917946)"
E 118 St & 1 Ave,"(40.79747, -73.93504)"
Rogers Ave & Sterling St,"(40.6630619, -73.9538746)"
E 20 St & Park Ave,"(40.73827428, -73.98751968)"
Madison Ave & E 82 St,"(40.7781314, -73.96069399)"
Broad St & Bridge St,"(40.70365182, -74.01167797)"
Murray St\t& West St,"(40.71503, -74.01246)"
Van Sinderen Ave & Truxton St,"(40.6786, -73.90369)"
W 37 St & 10 Ave,"(40.75660359, -73.9979009)"
E 17 St & Broadway,"(40.73704984, -73.99009296)"
Faile St & Garrison Ave,"(40.820578, -73.888271)"
W 17 St & 8 Ave,"(40.74177603, -74.00149746)"
Riverside Dr & W 153 St,"(40.832164, -73.949702)"
St. Nicholas Terrace & Convent Ave,"(40.821294, -73.947868)"
W 42 St & Dyer Ave,"(40.75898481399634, -73.99379968643188)"
Adam Clayton Powell Blvd & W 132 St,"(40.813539, -73.94521)"
W 50 St & 9 Ave,"(40.763604677958625, -73.98917958140373)"
McKibbin St & Manhattan Ave,"(40.70510918, -73.94407279)"
Edgecombe Ave & W 141 St,"(40.820681, -73.945144)"
Shop Morgan,"(40.70987333941734, -73.9315938949585)"
Broadway & W 160 St,"(40.835775, -73.9434)"
Vernon Blvd & 47 Rd,"(40.7449067, -73.9534573)"
South St & Pike St,"(40.70991806921533, -73.99161100387573)"
W 10 St & Washington St,"(40.73342399437081, -74.00851495563984)"
St James Pl & Oliver St,"(40.71307916, -73.99851193)"
Laight St & Hudson St,"(40.72185379, -74.00771779)"
N Moore St & Hudson St,"(40.71996118117138, -74.00844320654869)"
W 104 St & Amsterdam Ave,"(40.799041392882984, -73.96649479866028)"
Hudson St & W 13 St,"(40.74005708567285, -74.0052741765976)"
E 51 St & 2 Ave,"(40.755293, -73.967641)"
Columbus Ave & W 95 St,"(40.7919557, -73.968087)"
Franklin St & W Broadway,"(40.71911552, -74.00666661)"
Central Park North & Adam Clayton Powell Blvd,"(40.799484, -73.955613)"
W 116 St & Amsterdam Ave,"(40.8067581, -73.9607082)"
5 Ave & E 63 St,"(40.766368, -73.971518)"
York St,"(40.71649, -74.04105)"
W 59 St & 10 Ave,"(40.770513, -73.988038)"
Riverside Dr & W 72 St,"(40.78057799010334, -73.98562431335449)"
W 180 St & Ft Washington Ave,"(40.849972, -73.938423)"
Park Ave & St Edwards St,"(40.69608941, -73.97803415)"
W 52 St & 6 Ave,"(40.76132983124814, -73.97982001304626)"
Albany St & Greenwich St,"(40.709267, -74.013247)"
Franklin St & Dupont St,"(40.73564, -73.95866)"
6 Ave & W 45 St,"(40.756951, -73.982631)"
W 33 St & 10 Ave,"(40.753773368360385, -73.99937599897385)"
Court St & State St,"(40.6902375, -73.99203074)"
W 35 St & 8 Ave,"(40.752762088742045, -73.99280458705107)"
Pleasant Ave & E 116 St,"(40.7949879, -73.9333349)"
Mercer St & Bleecker St,"(40.72706363348306, -73.99662137031554)"
W 100 St & Manhattan Ave,"(40.795, -73.9645)"
W 20 St & 10 Ave,"(40.745686, -74.005141)"
W 56 St & 6 Ave,"(40.76340613, -73.97722479)"
Duane St & Hudson St,"(40.71703, -74.00925)"
W 40 St & 5 Ave,"(40.752269, -73.982079)"
West End Ave & W 107 St,"(40.8021174, -73.9681805305)"
Broadway & W 48 St,"(40.76017739537783, -73.98486793041229)"
W 84 St & Broadway,"(40.7867947, -73.977112)"
Morton St & Washington St,"(40.73115, -74.00887)"
Broadway & W 51 St,"(40.76228826, -73.98336183)"
Grove St - PATH,"(40.71941, -74.04309)"
Whitehall St & Bridge St,"(40.703661705241345, -74.0131813287735)"
W 36 St & 7 Ave,"(40.752149, -73.989539)"
Gansevoort St & Hudson St,"(40.73944820130403, -74.00507032871246)"
E 1 St & Bowery,"(40.72486122254819, -73.99213135242462)"
St Nicholas Ave & W 150 St,"(40.827212, -73.942722)"
5 Ave & W 126 St,"(40.80722, -73.9418)"
Kenmare St & Elizabeth St,"(40.72054, -73.9949)"
Peck Slip & South St,"(40.7075188830923, -74.00108054280281)"
W 22 St & 8 Ave,"(40.74475148, -73.99915362)"
Steinway St & Broadway,"(40.75905795418586, -73.91897544264793)"
Orchard St & Grand St,"(40.717318403855785, -73.99067759513855)"
Lafayette St & Grand St,"(40.72028, -73.99879)"
Forsyth St & Grand St,"(40.71779817737835, -73.99316132068634)"
Riverside Dr & W 91 St,"(40.79313480986663, -73.97700369358063)"
Pike St & Monroe St,"(40.71173107, -73.99193043)"
Wadsworth Ave & W 175 St,"(40.846052, -73.937648)"
Broadway & W 25 St,"(40.74286877312112, -73.98918628692627)"
Riverside Blvd & W 67 St,"(40.777507027547976, -73.98888587951659)"
Riverside Dr & W 138 St,"(40.823168, -73.955857)"
Broadway & E 14 St,"(40.73454567, -73.99074142)"
W 120 St & Claremont Ave,"(40.8109494, -73.9634)"
W 12 St & Hudson St,"(40.73752993301071, -74.00558933615685)"
12 Ave & W 125 St,"(40.818299, -73.960405)"
Grand St & Greene St,"(40.72170005235607, -74.00238141417502)"
Lawrence St & Willoughby St,"(40.69236178, -73.98631746)"
W 11 St & 6 Ave,"(40.73532427, -73.99800419)"
Hicks St & Montague St,"(40.69512845, -73.99595065)"
E 44 St & Lexington Ave,"(40.752643, -73.974996)"
Broadway & W 142 St,"(40.824686, -73.951947)"
Riverside Dr & W 78 St,"(40.78414472, -73.98362492)"
1 Ave & E 16 St,"(40.73221853, -73.98165557)"
W 106 St & Amsterdam Ave,"(40.8008363, -73.9664492472)"
W 25 St & 9 Ave,"(40.747832605837715, -74.0005722643582)"
Ave C & E 16 St,"(40.72984830346529, -73.97455215454102)"
Sherman Ave & Thayer St,"(40.863124, -73.926994)"
E 65 St & 2 Ave,"(40.76471851944339, -73.96222069859505)"
E 10 St & Avenue A,"(40.72740794, -73.98142006)"
27 Ave & 3 St,"(40.77485, -73.9342)"
Barclay St & Church St,"(40.71291224, -74.01020234)"
5 Ave & E 93 St,"(40.7857851, -73.957481)"
E 53 St & Lexington Ave,"(40.75828065, -73.97069431)"
Morgan Loading Docks,"(40.709306335794274, -73.93117547035216)"
W 46 St & 11 Ave,"(40.76341379, -73.99667444)"
Grand Concourse & E 164 St,"(40.829608, -73.921461)"
Columbus Ave & W 72 St,"(40.7770575, -73.97898475)"
E 20 St & 2 Ave,"(40.73587678, -73.98205027)"
W 43 St & 10 Ave,"(40.76009437, -73.99461843)"
South End Ave & Albany St,"(40.709957, -74.016538)"
Clinton St & Cherry St,"(40.711471394469264, -73.98672603070736)"
Nagle Ave & Thayer St,"(40.861382, -73.925591)"
Hudson Blvd W & W 36 St,"(40.75676475086503, -73.99971440439913)"
Montague St & Clinton St,"(40.6942715, -73.9923272)"
N 12 St & Bedford Ave,"(40.72079821, -73.95484712)"
E 39 St & 2 Ave,"(40.748033194287665, -73.973827958107)"
E 32 St & Park Ave,"(40.7457121, -73.98194829)"
Grand Concourse & E 192 St,"(40.86448, -73.89522)"
Stanton St & Norfolk St,"(40.720747, -73.986274)"
W 35 St & 9 Ave,"(40.75414519263519, -73.9960889518261)"
E 14 St & 1 Ave,"(40.73139303364151, -73.98286700248718)"
W 52 St & 5 Ave,"(40.75992262, -73.97648516)"
31 St & Ditmars Blvd,"(40.776168, -73.910485)"
W 47 St & 10 Ave,"(40.76269882, -73.99301222)"
FDR Drive & E 35 St,"(40.744219, -73.97121214)"
E 56 St & Madison Ave,"(40.761573, -73.972628)"
E 11 St & Avenue B,"(40.72746420692392, -73.97950418293476)"
E 161 St & River Ave,"(40.827883, -73.927111)"
E 56 St & 3 Ave,"(40.75934501, -73.96759673)"
Howard St & Lafayette St,"(40.71910537, -73.99973337)"
Stanton St & Mangin St,"(40.71782143, -73.97628939)"
MacDougal St & Prince St,"(40.72710258, -74.00297088)"
Pike St & E Broadway,"(40.71406667, -73.99293911)"
Central Ave & Himrod St,"(40.69676, -73.92302)"
37 St & 24 Ave,"(40.7701477, -73.9120938)"
W 107 St & Columbus Ave,"(40.7997568, -73.9621128676)"
E 10 St & 2 Ave,"(40.72970805644994, -73.9865979552269)"
Frederick Douglass Blvd & W 112 St,"(40.801694, -73.957145)"
1 Ave & E 6 St,"(40.72633085971696, -73.98616880178452)"
West Broadway & Watts St,"(40.72323, -74.00314)"
Knickerbocker Ave & Thames St,"(40.70539, -73.92976)"
Amsterdam Ave & W 180 St,"(40.847396, -73.931205)"
Eastern Pkwy & Nostrand Ave,"(40.66967, -73.9503)"
Kent Ave & N 7 St,"(40.72036775298455, -73.96165072917938)"
W 87 St & West End Ave,"(40.789622, -73.97757)"
Eastern Pkwy & Schenectady Ave,"(40.66876, -73.93376)"
Johnson St & Brooklyn Bridge Blvd,"(40.695, -73.98917)"
Fulton St & Irving Pl,"(40.68186, -73.959432)"
E 23 St & 1 Ave,"(40.736502, -73.97809472)"
E 77 St & 1 Ave,"(40.77095553869235, -73.95356208096926)"
St Marks Ave & Rochester Ave,"(40.67404, -73.92772)"
E 84 St & Park Ave,"(40.77862688, -73.95772073)"
Thompson St & Bleecker St,"(40.72840059450829, -73.99968780577183)"
Carroll St & Franklin Ave,"(40.6679411, -73.9588)"
E 54 St & 1 Ave,"(40.756265, -73.964179)"
7 Ave S & Bleecker St,"(40.73213896287381, -74.00363802909851)"
Spruce St & Gold St,"(40.7103231, -74.0043228)"
Grand Ave & Bergen St,"(40.678045, -73.962408)"
W 53 St & 10 Ave,"(40.76669671, -73.99061728)"
Grand St & Elizabeth St,"(40.718822, -73.99596)"
Pacific St & Nevins St,"(40.6853761, -73.98302136)"
Congress St & Clinton St,"(40.68825516598005, -73.99545192718506)"
6 Ave & 12 St,"(40.6663181, -73.9854617)"
Avenue D & E 12 St,"(40.72580614, -73.97422494)"
Bedford Ave & Montgomery St,"(40.665816, -73.956934)"
W 18 St & 9 Ave,"(40.7435337324616, -74.00367558002472)"
Lexington Ave & E 120 St,"(40.8013066, -73.9398167)"
W 95 St & Broadway,"(40.7937704, -73.971888)"
Carroll St & Bond St,"(40.6786115, -73.99037292)"
Boston Rd & Prospect Ave,"(40.833246, -73.896599)"
Congress St & Hicks St,"(40.6893952, -73.9995126)"
Schermerhorn St & Court St,"(40.6910363748993, -73.99201065301895)"
Bushwick Ave & Stagg St,"(40.709897, -73.94008)"
Lorimer St & Broadway,"(40.70411791, -73.94818595)"
Ave A & E 14 St,"(40.73031071000895, -73.98047178983688)"
White St & Johnson Ave,"(40.707174, -73.93581)"
Broadway & W 37 St,"(40.75172632, -73.98753523)"
Pearl St & York St,"(40.70140463410644, -73.98768022656441)"
W Broadway & Watts St,"(40.72323, -74.00314)"
Columbia St & Kane St,"(40.68763155, -74.0016256)"
E 81 St & 1 Ave,"(40.77377781072322, -73.95197331905365)"
Cathedral Pkwy & Broadway,"(40.804213, -73.96699104)"
Jefferson Ave & Evergreen Ave,"(40.68989, -73.91458)"
Allen St & Rivington St,"(40.72019576, -73.98997825)"
Madison Ave & E 51 St,"(40.75863, -73.97513)"
E 53 St & 3 Ave,"(40.75763227739443, -73.96930575370789)"
Water St & Fletcher St,"(40.706410755236135, -74.00559738278389)"
4 Ave & 3 St,"(40.673746, -73.985649)"
E 40 St & 5 Ave,"(40.752062307, -73.9816324043)"
E 13 St & Ave A,"(40.72966729392978, -73.98067966103554)"
E 26 St & 3 Ave,"(40.74069317733043, -73.98160636425018)"
Beverley Rd & E 49 St,"(40.64621, -73.93067)"
5 Ave & E 30 St,"(40.7459849, -73.98629487)"
1 Ave & E 39 St,"(40.74714, -73.97113)"
Vernon Blvd & 31 Ave,"(40.7692475, -73.9354504)"
E 35 St & Madison Ave,"(40.74848023448579, -73.98255586624146)"
Butler St & Court St,"(40.6849894, -73.99440329)"
Broadway & Whipple St,"(40.7016657, -73.9437303)"
N 9 St & Wythe Ave,"(40.72054, -73.959)"
Harrison St & Hudson St,"(40.71870987, -74.0090009)"
New York Ave & Lenox Rd,"(40.65458, -73.94716)"
Macombs Pl & W 152 St,"(40.826406, -73.937948)"
Waterbury St & Stagg St,"(40.71019, -73.93734)"
Suydam St & Knickerbocker Ave,"(40.702013, -73.923769)"
E 44 St & 2 Ave,"(40.75118387463277, -73.97138714790344)"
Central Park West & W 85 St,"(40.78476, -73.969862)"
W 100 St & Broadway,"(40.7973721, -73.97041192)"
Amsterdam Ave & W 66 St,"(40.7746671, -73.98470567)"
Jay St & Tech Pl,"(40.695065, -73.987167)"
Adam Clayton Powell Blvd & W 130 St,"(40.812346, -73.946168)"
8 Ave & W 27 St,"(40.747968, -73.996637)"
Church St & Worth St,"(40.71688538495366, -74.00650128722191)"
W 218 St & Broadway,"(40.87139, -73.914318)"
E 6 St & Ave B,"(40.72453734, -73.98185424)"
Front St & Gold St,"(40.70224, -73.982578)"
Garrison Ave & Manida St,"(40.818743, -73.890247)"
1 Pl & Clinton St,"(40.6809591, -73.99905709)"
9 Ave & W 33 St,"(40.752568, -73.996765)"
Willis Ave & E 141 St,"(40.81093, -73.921606)"
Driggs Ave & S 2 St,"(40.712628, -73.960575)"
Broadway & W 131 St,"(40.817555, -73.957163)"
E 7 St & Ave A,"(40.72621788, -73.98379855)"
E 85 St & York Ave,"(40.77536905, -73.94803392)"
McKibbin St & Bogart St,"(40.706237, -73.933871)"
Bushwick Ave & McKibbin St,"(40.705517, -73.93936)"
Van Brunt St & Van Dyke St,"(40.6758329439129, -74.01472628116608)"
W 54 St & 9 Ave,"(40.76584941, -73.98690506)"
